id,first_name,last_name,language,gender,picture,phone_number
1,Delaney,Gori,german,Male,https://robohash.org/expeditarepellendusipsam.png?size=250x250&set=set4,+86 285 979 1952
2,Rona,Kabisch,italien,Female,https://robohash.org/omnisametrepellat.png?size=200x200&set=set4,+86 373 370 7679
3,Nataniel,Bownas,italien,Male,https://robohash.org/laborumveniamvelit.png?size=200x200&set=set4,+30 801 789 1087
4,Jessi,Godby,french,Female,https://robohash.org/quiaitaqueenim.png?size=200x200&set=set4,+86 973 579 9841
5,Fidelity,Adger,german,Female,https://robohash.org/quisquaminfugiat.png?size=200x200&set=set4,+62 208 975 7752
6,Otto,Larrett,english,Male,https://robohash.org/quiaquissapiente.png?size=200x200&set=set4,+62 881 870 4413
7,Broderic,Daventry,english,Male,https://robohash.org/fugaullamvoluptatem.png?size=200x200&set=set4,+86 802 696 9335
8,Gerome,Charity,english,Male,https://robohash.org/voluptatecommoditemporibus.png?size=200x200&set=set4,+504 746 447 0571
9,Marquita,Haughian,italien,Female,https://robohash.org/quoautplaceat.png?size=200x200&set=set4,+60 789 567 4140
10,Marybeth,Satch,german,Female,https://robohash.org/quiaexqui.png?size=200x200&set=set4,+420 977 947 1696
11,Andie,Riddington,italien,Female,https://robohash.org/utvoluptateaperiam.png?size=200x200&set=set4,+86 262 961 9831
12,Graeme,Hintzer,german,Male,https://robohash.org/temporenemoplaceat.png?size=200x200&set=set4,+1 201 155 5278
13,Jenn,Becarra,german,Female,https://robohash.org/suntlaboreperferendis.png?size=200x200&set=set4,+60 201 415 0234
14,Augustine,Renn,italien,Female,https://robohash.org/quiaaliquidquas.png?size=200x200&set=set4,+7 663 137 2011
15,Bobbie,Troctor,italien,Male,https://robohash.org/excepturinullaaut.png?size=200x200&set=set4,+227 590 624 3313
16,Roz,Pairpoint,italien,Female,https://robohash.org/commodiassumendatempora.png?size=200x200&set=set4,+48 179 635 0406
17,Way,Pack,italien,Male,https://robohash.org/totamtemporibusaut.png?size=200x200&set=set4,+57 455 565 8603
18,Armand,Wrankling,italien,Male,https://robohash.org/ideteaque.png?size=200x200&set=set4,+63 955 611 3233
19,Kellia,Kelcher,french,Female,https://robohash.org/aeligendiet.png?size=200x200&set=set4,+57 567 663 8540
20,Dwayne,Madine,german,Male,https://robohash.org/facilistemporibussoluta.png?size=200x200&set=set4,+46 879 556 7272
21,Danie,Booi,english,Male,https://robohash.org/accusantiumsolutaminus.png?size=200x200&set=set4,+27 373 419 5172
22,Grete,Kearns,italien,Female,https://robohash.org/velitvelquia.png?size=200x200&set=set4,+880 440 985 3791
23,Thor,Anfosso,english,Male,https://robohash.org/amolestiaedolores.png?size=200x200&set=set4,+62 473 342 9642
24,Lani,Stansell,french,Female,https://robohash.org/etsintfacilis.png?size=200x200&set=set4,+420 878 419 5025
25,Gery,Kettle,italien,Male,https://robohash.org/doloremfacilisducimus.png?size=200x200&set=set4,+66 783 580 3614
26,Willow,Kinze,english,Female,https://robohash.org/voluptassedquae.png?size=200x200&set=set4,+52 959 455 3124
27,Hesther,Gusney,french,Female,https://robohash.org/oditsaepeminima.png?size=200x200&set=set4,+504 663 705 3240
28,Gaylord,Lampkin,english,Male,https://robohash.org/essevelsaepe.png?size=200x200&set=set4,+351 152 209 3053
29,Alex,Van der Velden,english,Female,https://robohash.org/rerummolestiaein.png?size=200x200&set=set4,+291 674 236 5105
30,Lauraine,Chesney,italien,Female,https://robohash.org/quaeratvoluptatemperferendis.png?size=200x200&set=set4,+249 425 757 9724
31,Egon,Fysh,german,Male,https://robohash.org/repellattemporesit.png?size=200x200&set=set4,+51 766 519 7379
32,Kristofor,Shrimpton,english,Male,https://robohash.org/reprehenderitquamfugit.png?size=200x200&set=set4,+86 699 344 0415
33,Antonia,Raggatt,german,Female,https://robohash.org/nonsuntomnis.png?size=200x200&set=set4,+973 797 646 0517
34,Kristoffer,Filde,french,Male,https://robohash.org/natusutnon.png?size=200x200&set=set4,+86 533 875 3360
35,Gaultiero,Reynold,italien,Male,https://robohash.org/rationevoluptatemfacilis.png?size=200x200&set=set4,+7 104 823 9552
36,Ivory,Blant,english,Female,https://robohash.org/doloribusabat.png?size=200x200&set=set4,+375 991 253 9240
37,Sarita,Cosely,english,Female,https://robohash.org/voluptatemquiaexcepturi.png?size=200x200&set=set4,+502 204 410 2984
38,Sheena,Bandiera,italien,Female,https://robohash.org/corporisesseipsum.png?size=200x200&set=set4,+7 363 887 6444
39,Tiertza,Lindermann,italien,Female,https://robohash.org/velnamamet.png?size=200x200&set=set4,+86 815 548 9392
40,Deborah,Bartelot,french,Female,https://robohash.org/quiaundevitae.png?size=200x200&set=set4,+62 596 833 3498
41,Ernie,McUre,italien,Male,https://robohash.org/quoveroqui.png?size=200x200&set=set4,+260 412 764 4606
42,Elmer,Matejovsky,italien,Male,https://robohash.org/reprehenderitrepellendusut.png?size=200x200&set=set4,+234 395 728 5994
43,Raina,Boni,french,Female,https://robohash.org/corruptivoluptatemvoluptates.png?size=200x200&set=set4,+66 430 469 2329
44,Zachary,D'Antoni,french,Male,https://robohash.org/eaitaqueconsequuntur.png?size=200x200&set=set4,+86 771 737 3739
45,Stephi,Payley,english,Female,https://robohash.org/voluptasatquemolestiae.png?size=200x200&set=set4,+62 495 554 1609
46,Adan,Suddards,italien,Female,https://robohash.org/architectoaliquidautem.png?size=200x200&set=set4,+95 916 396 6458
47,Colette,Potell,german,Female,https://robohash.org/architectoaliquamdeserunt.png?size=200x200&set=set4,+62 106 662 5172
48,Loreen,O'Loinn,german,Female,https://robohash.org/temporaofficiislabore.png?size=200x200&set=set4,+230 590 336 2733
49,Kale,Pimer,german,Male,https://robohash.org/inventorequiaad.png?size=200x200&set=set4,+55 177 261 5285
50,Clemens,Caudwell,english,Male,https://robohash.org/nihilquistenetur.png?size=200x200&set=set4,+98 693 527 5748
51,Even,Skupinski,italien,Male,https://robohash.org/eavoluptatemcumque.png?size=200x200&set=set4,+86 972 424 4648
52,Bondy,Coonan,french,Male,https://robohash.org/quorepellatsuscipit.png?size=200x200&set=set4,+250 679 763 5459
53,Alicia,Pillman,english,Female,https://robohash.org/idlaborenisi.png?size=200x200&set=set4,+62 243 154 6686
54,Claire,Castagnier,italien,Male,https://robohash.org/repellatvelvoluptatem.png?size=200x200&set=set4,+86 716 476 2932
55,Nestor,Dimock,english,Male,https://robohash.org/distinctioetillo.png?size=200x200&set=set4,+62 734 799 3306
56,Blondy,Greveson,german,Female,https://robohash.org/veritatisoccaecativoluptatem.png?size=200x200&set=set4,+95 635 994 1230
57,Deirdre,Kidd,french,Female,https://robohash.org/laboriosametblanditiis.png?size=200x200&set=set4,+7 211 478 1069
58,Bernadina,Pessolt,french,Female,https://robohash.org/cupiditateblanditiisoptio.png?size=200x200&set=set4,+254 731 340 1707
59,Belvia,Bonaire,german,Female,https://robohash.org/auteumaut.png?size=200x200&set=set4,+381 996 651 2949
60,Rhonda,Neil,french,Female,https://robohash.org/nihilutaut.png?size=200x200&set=set4,+33 536 429 8131
61,Jermaine,McKue,french,Male,https://robohash.org/molestiaevoluptascum.png?size=200x200&set=set4,+63 149 790 0127
62,Markos,Trenam,french,Male,https://robohash.org/autrerumrerum.png?size=200x200&set=set4,+86 842 309 3874
63,Tadeo,Easter,french,Male,https://robohash.org/quasinesciuntodit.png?size=200x200&set=set4,+63 184 640 9361
64,Chad,Mount,french,Male,https://robohash.org/voluptasetvel.png?size=200x200&set=set4,+374 364 544 8118
65,Garry,Landells,german,Male,https://robohash.org/eaquetemporeveniam.png?size=200x200&set=set4,+7 738 306 4382
66,Maribel,Bockmann,french,Female,https://robohash.org/iddoloribusnon.png?size=200x200&set=set4,+509 894 358 5221
67,Malcolm,Grgic,french,Male,https://robohash.org/temporamaximenam.png?size=200x200&set=set4,+86 417 765 4695
68,Clare,Pimbley,german,Female,https://robohash.org/molestiaeporrolaboriosam.png?size=200x200&set=set4,+506 209 911 3964
69,Prince,Iacovo,english,Male,https://robohash.org/totamestomnis.png?size=200x200&set=set4,+62 863 484 3399
70,Isak,Stendell,italien,Male,https://robohash.org/quisquamomnisconsequuntur.png?size=200x200&set=set4,+57 826 799 9801
71,Tabbitha,Gare,german,Female,https://robohash.org/magnamautenim.png?size=200x200&set=set4,+7 226 266 4800
72,Olenolin,Gregoli,italien,Male,https://robohash.org/etomnisipsum.png?size=200x200&set=set4,+48 161 951 2954
73,Cecil,Fennelow,english,Female,https://robohash.org/necessitatibusautlibero.png?size=200x200&set=set4,+1 858 262 0780
74,Rheba,Blazdell,german,Female,https://robohash.org/adetqui.png?size=200x200&set=set4,+62 709 955 3974
75,Zabrina,Chettle,italien,Female,https://robohash.org/veleiusreprehenderit.png?size=200x200&set=set4,+64 932 471 5547
76,Mack,Derbyshire,german,Male,https://robohash.org/quiquiexcepturi.png?size=200x200&set=set4,+352 880 431 0046
77,Gonzales,Soppitt,german,Male,https://robohash.org/veniamcorporisnulla.png?size=200x200&set=set4,+54 797 459 2415
78,Rudolfo,Doxey,german,Male,https://robohash.org/sitdoloremcorrupti.png?size=200x200&set=set4,+62 149 915 5494
79,Jemimah,Eckhard,french,Female,https://robohash.org/molestiastemporibusaut.png?size=200x200&set=set4,+1 712 677 6429
80,Tammie,Kearey,italien,Male,https://robohash.org/expeditahicquas.png?size=200x200&set=set4,+505 584 745 4723
81,Sandy,Lomis,italien,Female,https://robohash.org/remsimiliquea.png?size=200x200&set=set4,+86 979 413 3575
82,Laurie,Mawtus,italien,Female,https://robohash.org/quaeratetaut.png?size=200x200&set=set4,+1 368 385 8192
83,Rinaldo,Bellhanger,english,Male,https://robohash.org/explicaboistefacilis.png?size=200x200&set=set4,+356 132 964 2212
84,Jermaine,Inns,english,Female,https://robohash.org/laborumiustopariatur.png?size=200x200&set=set4,+7 867 418 7771
85,Elsie,Belchamber,italien,Female,https://robohash.org/perspiciatisrecusandaeerror.png?size=200x200&set=set4,+62 334 523 2590
86,Casar,Brigginshaw,french,Male,https://robohash.org/nisieaquealiquid.png?size=200x200&set=set4,+33 255 815 5262
87,Bendicty,Neave,italien,Male,https://robohash.org/rationererumquae.png?size=200x200&set=set4,+86 814 453 8129
88,Auguste,Huggett,french,Female,https://robohash.org/consecteturmagnilabore.png?size=200x200&set=set4,+62 109 718 1698
89,Staffard,Mollin,french,Male,https://robohash.org/quiconsequaturaut.png?size=200x200&set=set4,+226 599 211 6385
90,Nehemiah,Dibden,french,Male,https://robohash.org/totambeataeest.png?size=200x200&set=set4,+48 324 702 6140
91,Barnabe,Longhi,italien,Male,https://robohash.org/enimnemopossimus.png?size=200x200&set=set4,+7 654 612 2348
92,Aguie,Biggs,french,Male,https://robohash.org/utdictanihil.png?size=200x200&set=set4,+506 793 129 6380
93,Andras,Rignoldes,italien,Male,https://robohash.org/quoesttenetur.png?size=200x200&set=set4,+92 675 349 9473
94,Morganne,Hartil,italien,Female,https://robohash.org/pariaturmaximenihil.png?size=200x200&set=set4,+7 900 657 8967
95,Angelina,Etchingham,english,Female,https://robohash.org/abipsamautem.png?size=200x200&set=set4,+86 883 217 7281
96,Fae,Luscott,italien,Female,https://robohash.org/iustoaliasmodi.png?size=200x200&set=set4,+234 551 945 0714
97,Judas,MacNeillie,french,Male,https://robohash.org/ipsaestin.png?size=200x200&set=set4,+255 447 983 7593
98,Sal,Starbeck,english,Female,https://robohash.org/rerumetquam.png?size=200x200&set=set4,+86 333 778 9785
99,Pat,Brimelow,german,Female,https://robohash.org/undeutdolores.png?size=200x200&set=set4,+62 669 105 2096
100,Gris,Oby,italien,Male,https://robohash.org/vitaecumaliquid.png?size=200x200&set=set4,+7 335 178 2942
101,Merry,Rudwell,german,Male,https://robohash.org/modiquidoloribus.png?size=200x200&set=set4,+62 626 381 0716
102,Sadella,Joddins,french,Female,https://robohash.org/velitetnesciunt.png?size=200x200&set=set4,+86 799 962 8119
103,Jedd,Abbison,english,Male,https://robohash.org/aearumerror.png?size=200x200&set=set4,+1 225 419 0395
104,Allegra,Danielski,french,Female,https://robohash.org/ametnemovoluptatem.png?size=200x200&set=set4,+63 922 198 2335
105,Gradeigh,Billham,german,Male,https://robohash.org/asperioresautemconsequuntur.png?size=200x200&set=set4,+62 861 827 7505
106,Rickie,Jorczyk,italien,Male,https://robohash.org/consequaturaliquidaut.png?size=200x200&set=set4,+7 296 504 2240
107,Lazar,Faloon,french,Male,https://robohash.org/nemoadet.png?size=200x200&set=set4,+33 129 729 2895
108,Yolanthe,Cowsby,english,Female,https://robohash.org/voluptatemaniminatus.png?size=200x200&set=set4,+86 216 654 7170
109,Ewart,Slegg,italien,Male,https://robohash.org/temporibusfugitut.png?size=200x200&set=set4,+351 521 922 0018
110,Moe,Leving,german,Male,https://robohash.org/quosarchitectoest.png?size=200x200&set=set4,+62 719 470 6848
111,Shurlock,Benstead,italien,Male,https://robohash.org/blanditiisomnisodio.png?size=200x200&set=set4,+51 231 930 2005
112,Nils,Measham,german,Male,https://robohash.org/optiosuntquod.png?size=200x200&set=set4,+94 555 893 0579
113,Brendin,Trussell,italien,Male,https://robohash.org/quiamolestiaenumquam.png?size=200x200&set=set4,+86 646 862 5472
114,Bertina,Truitt,italien,Female,https://robohash.org/corruptioccaecatipossimus.png?size=200x200&set=set4,+82 969 690 8094
115,Flin,Heliot,italien,Male,https://robohash.org/eaminusunde.png?size=200x200&set=set4,+380 498 549 6134
116,Sioux,Ambler,french,Female,https://robohash.org/omnisvoluptaset.png?size=200x200&set=set4,+34 682 475 0904
117,Alonso,Harriday,french,Male,https://robohash.org/exercitationemeanesciunt.png?size=200x200&set=set4,+380 745 340 6053
118,Mireille,Scogin,german,Female,https://robohash.org/blanditiisautconsequatur.png?size=200x200&set=set4,+46 857 897 0303
119,Bondie,Lebrun,french,Male,https://robohash.org/ametnihilnostrum.png?size=200x200&set=set4,+86 959 427 4665
120,Barrett,Tobin,german,Male,https://robohash.org/quiquovoluptatem.png?size=200x200&set=set4,+86 144 384 9468
121,Eduard,Scobie,italien,Male,https://robohash.org/dolorumaliasfuga.png?size=200x200&set=set4,+62 908 100 2577
122,Breena,O'Giany,italien,Female,https://robohash.org/namrerumut.png?size=200x200&set=set4,+7 648 920 0530
123,Teddy,Guislin,french,Female,https://robohash.org/asperioresmollitiaut.png?size=200x200&set=set4,+996 948 749 7165
124,Iseabal,Ollcott,italien,Female,https://robohash.org/etutdelectus.png?size=200x200&set=set4,+86 565 993 2065
125,Tades,Alsford,italien,Male,https://robohash.org/aspernaturveromolestias.png?size=200x200&set=set4,+502 166 512 4709
126,Cherilynn,Elener,italien,Female,https://robohash.org/idsedrerum.png?size=200x200&set=set4,+46 330 152 4942
127,Jourdain,McInnery,italien,Male,https://robohash.org/etutut.png?size=200x200&set=set4,+63 592 646 7984
128,Shelley,Olenichev,english,Male,https://robohash.org/quialaboriosamvelit.png?size=200x200&set=set4,+55 935 418 6375
129,Augustina,Warwick,english,Female,https://robohash.org/voluptatemoditvitae.png?size=200x200&set=set4,+86 885 951 2263
130,Cyb,Crean,german,Female,https://robohash.org/etrepudiandaeassumenda.png?size=200x200&set=set4,+86 992 754 9853
131,Florrie,Antyukhin,english,Female,https://robohash.org/estquoplaceat.png?size=200x200&set=set4,+55 945 603 2751
132,Nannie,Fisbey,italien,Female,https://robohash.org/voluptasauteveniet.png?size=200x200&set=set4,+7 633 738 4524
133,Karie,Anderton,french,Female,https://robohash.org/omnisdistinctioqui.png?size=200x200&set=set4,+62 714 621 1187
134,Packston,Durran,english,Male,https://robohash.org/etsitex.png?size=200x200&set=set4,+216 226 795 5901
135,Nikos,Bowers,english,Male,https://robohash.org/eosimpeditrepellendus.png?size=200x200&set=set4,+57 899 482 7047
136,Andris,Edgeler,italien,Male,https://robohash.org/nonundevero.png?size=200x200&set=set4,+970 624 815 5615
137,Hall,Bagworth,english,Male,https://robohash.org/providentdebitislaudantium.png?size=200x200&set=set4,+86 230 230 3431
138,Camile,Provost,french,Female,https://robohash.org/dolorcommodiquasi.png?size=200x200&set=set4,+62 209 866 3086
139,Dorise,Peplay,english,Female,https://robohash.org/consequaturautquaerat.png?size=200x200&set=set4,+62 222 526 5300
140,Romola,Posten,german,Female,https://robohash.org/autquirerum.png?size=200x200&set=set4,+86 784 647 0493
141,Jerry,Lambrook,german,Male,https://robohash.org/architectosedquae.png?size=200x200&set=set4,+55 755 715 9526
142,Shandeigh,Matuszynski,french,Female,https://robohash.org/etaddebitis.png?size=200x200&set=set4,+55 952 871 5117
143,Harv,De L'Isle,pakistani,Male,https://robohash.org/doloremqueauteum.png?size=200x200&set=set4,+92 882 584 7465
144,Berti,Theseira,english,Male,https://robohash.org/rerumipsumfugit.png?size=200x200&set=set4,+86 456 458 0853
145,Dara,Thoresbie,english,Female,https://robohash.org/numquamofficiisest.png?size=200x200&set=set4,+86 372 891 0741
146,Dolli,Want,italien,Female,https://robohash.org/nonquisaccusantium.png?size=200x200&set=set4,+30 106 523 5192
147,Tiler,Juliano,french,Male,https://robohash.org/idnontemporibus.png?size=200x200&set=set4,+64 971 776 5504
148,Grantley,Scrimshaw,german,Male,https://robohash.org/voluptatibuserrorrecusandae.png?size=200x200&set=set4,+963 424 356 3186
149,Alli,Poinsett,italien,Female,https://robohash.org/voluptasquibusdamreprehenderit.png?size=200x200&set=set4,+55 615 148 6380
150,Jeramie,Yarnell,italien,Male,https://robohash.org/nihileosiste.png?size=200x200&set=set4,+235 652 136 2511
151,Gregg,Portis,german,Male,https://robohash.org/quibusdamautdoloremque.png?size=200x200&set=set4,+62 425 253 6109
152,Artemis,Clifton,italien,Male,https://robohash.org/consecteturdolorconsequatur.png?size=200x200&set=set4,+48 881 256 6003
153,Anatole,Isitt,german,Male,https://robohash.org/debitisdolorumqui.png?size=200x200&set=set4,+380 268 586 9613
154,Elvina,Allsepp,french,Female,https://robohash.org/cupiditatetotamsed.png?size=200x200&set=set4,+221 625 322 3288
155,Brantley,Triebner,french,Male,https://robohash.org/eligendivelitquidem.png?size=200x200&set=set4,+66 773 572 0034
156,Bonnee,Figge,german,Female,https://robohash.org/atemporevel.png?size=200x200&set=set4,+358 202 681 6791
157,Darice,Cromley,french,Female,https://robohash.org/explicaboilluma.png?size=200x200&set=set4,+51 755 303 4084
158,Idalia,Terne,english,Female,https://robohash.org/explicaboatquedoloremque.png?size=200x200&set=set4,+1 248 548 0206
159,Dickie,Benezet,italien,Male,https://robohash.org/nequequamadipisci.png?size=200x200&set=set4,+86 277 244 3200
160,Henry,Fasse,french,Male,https://robohash.org/consequaturvoluptatemid.png?size=200x200&set=set4,+54 336 476 5000
161,Veronica,Crosi,italien,Female,https://robohash.org/voluptasetdolor.png?size=200x200&set=set4,+380 806 752 7606
162,Sascha,Rouchy,french,Female,https://robohash.org/temporaetet.png?size=200x200&set=set4,+230 114 333 2966
163,Denis,Koppes,italien,Male,https://robohash.org/laboreconsectetursoluta.png?size=200x200&set=set4,+389 827 708 6954
164,Denice,Kempstone,english,Female,https://robohash.org/nonfacilissit.png?size=200x200&set=set4,+86 788 570 2594
165,Dayle,Tomblett,french,Female,https://robohash.org/similiquefugitamet.png?size=200x200&set=set4,+505 581 499 1240
166,Robbert,Sandars,english,Male,https://robohash.org/quisveniampariatur.png?size=200x200&set=set4,+63 157 502 9292
167,Sheffield,Wigmore,english,Male,https://robohash.org/teneturexercitationemlaudantium.png?size=200x200&set=set4,+86 138 184 8927
168,Binny,Samter,english,Female,https://robohash.org/etnonsed.png?size=200x200&set=set4,+7 131 391 3400
169,Findley,Vennings,german,Male,https://robohash.org/delenitisitquo.png?size=200x200&set=set4,+86 321 970 9720
170,Lars,Naismith,italien,Male,https://robohash.org/quibusdamdistinctioincidunt.png?size=200x200&set=set4,+52 903 976 8712
171,Fanny,Maidment,german,Female,https://robohash.org/reiciendisrepudiandaeexplicabo.png?size=200x200&set=set4,+351 405 292 5330
172,Warner,Weatherup,italien,Male,https://robohash.org/velvoluptatumsed.png?size=200x200&set=set4,+63 391 682 2494
173,Dewitt,Pond,italien,Male,https://robohash.org/nesciuntomnisrepudiandae.png?size=200x200&set=set4,+86 282 141 5399
174,Waylin,Piaggia,french,Male,https://robohash.org/dignissimosatveniam.png?size=200x200&set=set4,+57 346 833 2890
175,Jody,Ambrosini,italien,Male,https://robohash.org/exarchitectonumquam.png?size=200x200&set=set4,+86 938 890 1984
176,Billy,Jimpson,french,Female,https://robohash.org/quisquamevenietexpedita.png?size=200x200&set=set4,+27 899 300 3455
177,Penrod,Huertas,german,Male,https://robohash.org/iustomolestiaeut.png?size=200x200&set=set4,+356 482 340 6694
178,Glenden,Heminsley,german,Male,https://robohash.org/debitisducimusea.png?size=200x200&set=set4,+20 599 888 4640
179,Helaine,Jeans,french,Female,https://robohash.org/inventorevoluptateest.png?size=200x200&set=set4,+380 919 129 9836
180,Debra,Gabbitis,italien,Female,https://robohash.org/quienimvoluptatem.png?size=200x200&set=set4,+64 249 539 4980
181,Connie,Mainds,french,Male,https://robohash.org/utlaborequos.png?size=200x200&set=set4,+86 902 211 8226
182,Ezri,Skatcher,english,Male,https://robohash.org/rerumautut.png?size=200x200&set=set4,+62 789 221 0148
183,Ardella,Manketell,french,Female,https://robohash.org/aspernaturillummagni.png?size=200x200&set=set4,+86 767 895 4184
184,Iain,Clampett,french,Male,https://robohash.org/utquamomnis.png?size=200x200&set=set4,+7 186 401 6166
185,Donella,Wedmore.,english,Female,https://robohash.org/voluptasdeseruntet.png?size=200x200&set=set4,+81 743 496 0152
186,Matthiew,Tailour,french,Male,https://robohash.org/temporeprovidenttotam.png?size=200x200&set=set4,+1 717 936 0932
187,Selinda,Umfrey,german,Female,https://robohash.org/accusamusetqui.png?size=200x200&set=set4,+62 848 724 2485
188,Britt,Covolini,english,Male,https://robohash.org/dolorcumet.png?size=200x200&set=set4,+1 805 499 9764
189,Kendrick,Landeaux,italien,Male,https://robohash.org/quassuscipitblanditiis.png?size=200x200&set=set4,+62 596 634 0393
190,Antonetta,Alexandersson,german,Female,https://robohash.org/quisquidemfuga.png?size=200x200&set=set4,+27 792 821 6095
191,Garwin,Ingham,italien,Male,https://robohash.org/iustouteveniet.png?size=200x200&set=set4,+93 966 700 4823
192,Cecilia,Clarridge,french,Female,https://robohash.org/laborumsintsit.png?size=200x200&set=set4,+62 507 823 7726
193,Toby,Bilbee,french,Male,https://robohash.org/illumarchitectoqui.png?size=200x200&set=set4,+221 730 544 7602
194,Christopher,Airey,english,Male,https://robohash.org/auttemporefacilis.png?size=200x200&set=set4,+86 531 838 0000
195,Alisun,Cull,english,Female,https://robohash.org/voluptatemlaborein.png?size=200x200&set=set4,+60 345 724 5853
196,Land,Rapelli,italien,Male,https://robohash.org/idlaborumincidunt.png?size=200x200&set=set4,+48 332 686 1373
197,Winne,Beggin,italien,Female,https://robohash.org/recusandaequiasint.png?size=200x200&set=set4,+62 868 548 0581
198,Erick,Chimienti,english,Male,https://robohash.org/molestiasrerumrem.png?size=200x200&set=set4,+55 777 178 6321
199,Charley,Lambert-Ciorwyn,italien,Male,https://robohash.org/quiaetnihil.png?size=200x200&set=set4,+62 228 375 1643
200,Shaine,Dowrey,german,Male,https://robohash.org/eadolorumsint.png?size=200x200&set=set4,+63 377 820 9343
